traveler_id,name,email,phone,passport_number
1,Olusoji Matthew,olusoji1@example.com,8010000001,A100001
2,Aisha Bello,aisha2@example.com,8010000002,B100002
3,John Doe,john3@example.com,8010000003,C100003
4,Mary Jane,mary4@example.com,8010000004,D100004
5,Peter Obi,peter5@example.com,8010000005,E100005
6,Sarah Musa,sarah6@example.com,8010000006,F100006
7,Emeka Okafor,emeka7@example.com,8010000007,G100007
8,Linda Ahmed,linda8@example.com,8010000008,H100008
9,Tunde Bakare,tunde9@example.com,8010000009,I100009
10,Grace Eze,grace10@example.com,8010000010,J100010
11,Chinedu Okeke,chinedu11@example.com,8010000011,K100011
12,Rachel Okoro,rachel12@example.com,8010000012,L100012
13,Michael Johnson,michael13@example.com,8010000013,M100013
14,Aminat Sule,aminat14@example.com,8010000014,N100014
15,David Smith,david15@example.com,8010000015,O100015
16,Lola Ade,lola16@example.com,8010000016,P100016
17,Ahmed Bello,ahmed17@example.com,8010000017,Q100017
18,Funke Adebayo,funke18@example.com,8010000018,R100018
19,Samuel Okafor,samuel19@example.com,8010000019,S100019
20,Esther Johnson,esther20@example.com,8010000020,T100020
21,Isaac Okeke,isaac21@example.com,8010000021,U100021
22,Maryam Yusuf,maryam22@example.com,8010000022,V100022
23,Chukwuemeka Eze,chukwuemeka23@example.com,8010000023,W100023
24,Fatima Ibrahim,fatima24@example.com,8010000024,X100024
25,Daniel Okoro,daniel25@example.com,8010000025,Y100025
26,Aisha Adamu,aisha26@example.com,8010000026,Z100026
27,Blessing Uche,blessing27@example.com,8010000027,A100027
28,Mohammed Musa,mohammed28@example.com,8010000028,B100028
29,Victoria Nwosu,victoria29@example.com,8010000029,C100029
30,Emmanuel Okeke,emmanuel30@example.com,8010000030,D100030
31,Lilian Ojo,lilian31@example.com,8010000031,E100031
32,John Peter,john32@example.com,8010000032,F100032
33,Grace Omokore,grace33@example.com,8010000033,G100033
34,Taiwo Bello,taiwo34@example.com,8010000034,H100034
35,Pauline Ade,pauline35@example.com,8010000035,I100035
36,Abdul Rahman,abdul36@example.com,8010000036,J100036
37,Sophia Eze,sophia37@example.com,8010000037,K100037
38,Emeka Obi,emeka38@example.com,8010000038,L100038
39,Fatima Bello,fatima39@example.com,8010000039,M100039
40,Chukwuemeka Okafor,chukwuemeka40@example.com,8010000040,N100040
41,Amina Yusuf,amina41@example.com,8010000041,O100041
42,David Ade,david42@example.com,8010000042,P100042
43,Linda Okeke,linda43@example.com,8010000043,Q100043
44,Michael Obi,michael44@example.com,8010000044,R100044
45,Esther Musa,esther45@example.com,8010000045,S100045
46,Samuel Eze,samuel46@example.com,8010000046,T100046
47,Lola Johnson,lola47@example.com,8010000047,U100047
48,Ahmed Ade,ahmed48@example.com,8010000048,V100048
49,Funke Okoro,funke49@example.com,8010000049,W100049
50,Peter Musa,peter50@example.com,8010000050,X100050
